,title,url
0,더미 플러그,https://namu.wiki/w/%EB%8D%94%EB%AF%B8%20%ED%94%8C%EB%9F%AC%EA%B7%B8
1,하치미야 메구루,https://namu.wiki/w/%ED%95%98%EC%B9%98%EB%AF%B8%EC%95%BC%20%EB%A9%94%EA%B5%AC%EB%A3%A8
2,히트펌프,https://namu.wiki/w/%ED%9E%88%ED%8A%B8%ED%8E%8C%ED%94%84
3,주노(오버워치),https://namu.wiki/w/%EC%A3%BC%EB%85%B8(%EC%98%A4%EB%B2%84%EC%9B%8C%EC%B9%98)
4,황성빈/통산 도루 일지,https://namu.wiki/w/%ED%99%A9%EC%84%B1%EB%B9%88/%ED%86%B5%EC%82%B0%20%EB%8F%84%EB%A3%A8%20%EC%9D%BC%EC%A7%80
5,아리스 마리아,https://namu.wiki/w/%EC%95%84%EB%A6%AC%EC%8A%A4%20%EB%A7%88%EB%A6%AC%EC%95%84
6,놀로,https://namu.wiki/w/%EB%86%80%EB%A1%9C
7,서울남부터미널/운행노선,https://namu.wiki/w/%EC%84%9C%EC%9A%B8%EB%82%A8%EB%B6%80%ED%84%B0%EB%AF%B8%EB%84%90/%EC%9A%B4%ED%96%89%EB%85%B8%EC%84%A0
8,준브레드,https://namu.wiki/w/%EC%A4%80%EB%B8%8C%EB%A0%88%EB%93%9C
9,분류:MSG야구단 출신,https://namu.wiki/w/%EB%B6%84%EB%A5%98:MSG%EC%95%BC%EA%B5%AC%EB%8B%A8%20%EC%B6%9C%EC%8B%A0
10,고리의 도시,https://namu.wiki/w/%EA%B3%A0%EB%A6%AC%EC%9D%98%20%EB%8F%84%EC%8B%9C
11,파디아,https://namu.wiki/w/%ED%8C%8C%EB%94%94%EC%95%84
12,사쿠라기 마노,https://namu.wiki/w/%EC%82%AC%EC%BF%A0%EB%9D%BC%EA%B8%B0%20%EB%A7%88%EB%85%B8
13,히트펌프,https://namu.wiki/w/%ED%9E%88%ED%8A%B8%ED%8E%8C%ED%94%84
14,1924년,https://namu.wiki/w/1924%EB%85%84
15,진석범,https://namu.wiki/w/%EC%A7%84%EC%84%9D%EB%B2%94
16,파일:Nolo_2026_path-9.png,https://namu.wiki/w/%ED%8C%8C%EC%9D%BC:Nolo_2026_path-9.png
17,서울남부터미널/운행노선,https://namu.wiki/w/%EC%84%9C%EC%9A%B8%EB%82%A8%EB%B6%80%ED%84%B0%EB%AF%B8%EB%84%90/%EC%9A%B4%ED%96%89%EB%85%B8%EC%84%A0
18,TBC 라지오,https://namu.wiki/w/TBC%20%EB%9D%BC%EC%A7%80%EC%98%A4
19,토마시 수슬로프,https://namu.wiki/w/%ED%86%A0%EB%A7%88%EC%8B%9C%20%EC%88%98%EC%8A%AC%EB%A1%9C%ED%94%84
20,RESCENE/공연 및 행사,https://namu.wiki/w/RESCENE/%EA%B3%B5%EC%97%B0%20%EB%B0%8F%20%ED%96%89%EC%82%AC
21,베이스 뮤직,https://namu.wiki/w/%EB%B2%A0%EC%9D%B4%EC%8A%A4%20%EB%AE%A4%EC%A7%81
22,크로스 길드,https://namu.wiki/w/%ED%81%AC%EB%A1%9C%EC%8A%A4%20%EA%B8%B8%EB%93%9C
23,도라에몽/시간대,https://namu.wiki/w/%EB%8F%84%EB%9D%BC%EC%97%90%EB%AA%BD/%EC%8B%9C%EA%B0%84%EB%8C%80
24,이상 고온/대한민국/21세기/2020년대,https://namu.wiki/w/%EC%9D%B4%EC%83%81%20%EA%B3%A0%EC%98%A8/%EB%8C%80%ED%95%9C%EB%AF%BC%EA%B5%AD/21%EC%84%B8%EA%B8%B0/2020%EB%85%84%EB%8C%80
25,아리스가와 나츠하,https://namu.wiki/w/%EC%95%84%EB%A6%AC%EC%8A%A4%EA%B0%80%EC%99%80%20%EB%82%98%EC%B8%A0%ED%95%98
26,비행(래퍼),https://namu.wiki/w/%EB%B9%84%ED%96%89(%EB%9E%98%ED%8D%BC)
27,더미 플러그,https://namu.wiki/w/%EB%8D%94%EB%AF%B8%20%ED%94%8C%EB%9F%AC%EA%B7%B8
28,2XKO,https://namu.wiki/w/2XKO
29,아담 오베르트,https://namu.wiki/w/%EC%95%84%EB%8B%B4%20%EC%98%A4%EB%B2%A0%EB%A5%B4%ED%8A%B8
30,베이스 뮤직,https://namu.wiki/w/%EB%B2%A0%EC%9D%B4%EC%8A%A4%20%EB%AE%A4%EC%A7%81
31,에바 마리 세인트,https://namu.wiki/w/%EC%97%90%EB%B0%94%20%EB%A7%88%EB%A6%AC%20%EC%84%B8%EC%9D%B8%ED%8A%B8
32,이진수(1976),https://namu.wiki/w/%EC%9D%B4%EC%A7%84%EC%88%98(1976)
33,주노(오버워치),https://namu.wiki/w/%EC%A3%BC%EB%85%B8(%EC%98%A4%EB%B2%84%EC%9B%8C%EC%B9%98)
34,파일:오버워치 우양 신화 용의 협객.png,https://namu.wiki/w/%ED%8C%8C%EC%9D%BC:%EC%98%A4%EB%B2%84%EC%9B%8C%EC%B9%98%20%EC%9A%B0%EC%96%91%20%EC%8B%A0%ED%99%94%20%EC%9A%A9%EC%9D%98%20%ED%98%91%EA%B0%9D.png
35,아리스가와 나츠하,https://namu.wiki/w/%EC%95%84%EB%A6%AC%EC%8A%A4%EA%B0%80%EC%99%80%20%EB%82%98%EC%B8%A0%ED%95%98
36,2026 아이치·나고야 아시안 게임 군면제 발언 논란,https://namu.wiki/w/2026%20%EC%95%84%EC%9D%B4%EC%B9%98%C2%B7%EB%82%98%EA%B3%A0%EC%95%BC%20%EC%95%84%EC%8B%9C%EC%95%88%20%EA%B2%8C%EC%9E%84%20%EA%B5%B0%EB%A9%B4%EC%A0%9C%20%EB%B0%9C%EC%96%B8%20%EB%85%BC%EB%9E%80
37,리오넬 메시/국가대표 경력/2026 FIFA 월드컵,https://namu.wiki/w/%EB%A6%AC%EC%98%A4%EB%84%AC%20%EB%A9%94%EC%8B%9C/%EA%B5%AD%EA%B0%80%EB%8C%80%ED%91%9C%20%EA%B2%BD%EB%A0%A5/2026%20FIFA%20%EC%9B%94%EB%93%9C%EC%BB%B5
38,사용자:tmfjfkdskr,https://namu.wiki/w/%EC%82%AC%EC%9A%A9%EC%9E%90:tmfjfkdskr
39,TBC 라디오,https://namu.wiki/w/TBC%20%EB%9D%BC%EB%94%94%EC%98%A4
40,모모카풀,https://namu.wiki/w/%EB%AA%A8%EB%AA%A8%EC%B9%B4%ED%92%80
41,2026 내셔널 리그 디비전 시리즈,https://namu.wiki/w/2026%20%EB%82%B4%EC%85%94%EB%84%90%20%EB%A6%AC%EA%B7%B8%20%EB%94%94%EB%B9%84%EC%A0%84%20%EC%8B%9C%EB%A6%AC%EC%A6%88
42,파일:오버워치 루시우 신화 무기 트레블메이커.png,https://namu.wiki/w/%ED%8C%8C%EC%9D%BC:%EC%98%A4%EB%B2%84%EC%9B%8C%EC%B9%98%20%EB%A3%A8%EC%8B%9C%EC%9A%B0%20%EC%8B%A0%ED%99%94%20%EB%AC%B4%EA%B8%B0%20%ED%8A%B8%EB%A0%88%EB%B8%94%EB%A9%94%EC%9D%B4%EC%BB%A4.png
43,2026년,https://namu.wiki/w/2026%EB%85%84
44,조서연(아나운서),https://namu.wiki/w/%EC%A1%B0%EC%84%9C%EC%97%B0(%EC%95%84%EB%82%98%EC%9A%B4%EC%84%9C)
45,조던 호킨스,https://namu.wiki/w/%EC%A1%B0%EB%8D%98%20%ED%98%B8%ED%82%A8%EC%8A%A4
46,9급 공무원,https://namu.wiki/w/9%EA%B8%89%20%EA%B3%B5%EB%AC%B4%EC%9B%90
47,창원 버스 213,https://namu.wiki/w/%EC%B0%BD%EC%9B%90%20%EB%B2%84%EC%8A%A4%20213
48,강해라(욕망의 덫),https://namu.wiki/w/%EA%B0%95%ED%95%B4%EB%9D%BC(%EC%9A%95%EB%A7%9D%EC%9D%98%20%EB%8D%AB)
49,X JAPAN,https://namu.wiki/w/X%20JAPAN
50,필리우스 플리트윅,https://namu.wiki/w/%ED%95%84%EB%A6%AC%EC%9A%B0%EC%8A%A4%20%ED%94%8C%EB%A6%AC%ED%8A%B8%EC%9C%85
51,틀:idntt,https://namu.wiki/w/%ED%8B%80:idntt
52,삼천리그룹,https://namu.wiki/w/%EC%82%BC%EC%B2%9C%EB%A6%AC%EA%B7%B8%EB%A3%B9
53,보이드베르그 포비든 레퀴엠,https://namu.wiki/w/%EB%B3%B4%EC%9D%B4%EB%93%9C%EB%B2%A0%EB%A5%B4%EA%B7%B8%20%ED%8F%AC%EB%B9%84%EB%93%A0%20%EB%A0%88%ED%80%B4%EC%97%A0
54,아나(오버워치),https://namu.wiki/w/%EC%95%84%EB%82%98(%EC%98%A4%EB%B2%84%EC%9B%8C%EC%B9%98)
55,초이완,https://namu.wiki/w/%EC%B4%88%EC%9D%B4%EC%99%84
56,이진수(1976),https://namu.wiki/w/%EC%9D%B4%EC%A7%84%EC%88%98(1976)
57,메르시,https://namu.wiki/w/%EB%A9%94%EB%A5%B4%EC%8B%9C
58,프라이멀 레이지,https://namu.wiki/w/%ED%94%84%EB%9D%BC%EC%9D%B4%EB%A9%80%20%EB%A0%88%EC%9D%B4%EC%A7%80
59,니콜라스 오타멘디,https://namu.wiki/w/%EB%8B%88%EC%BD%9C%EB%9D%BC%EC%8A%A4%20%EC%98%A4%ED%83%80%EB%A9%98%EB%94%94
60,명군이 되어보세!/등장인물/4부,https://namu.wiki/w/%EB%AA%85%EA%B5%B0%EC%9D%B4%20%EB%90%98%EC%96%B4%EB%B3%B4%EC%84%B8!/%EB%93%B1%EC%9E%A5%EC%9D%B8%EB%AC%BC/4%EB%B6%80
61,카민(기어스 오브 워),https://namu.wiki/w/%EC%B9%B4%EB%AF%BC(%EA%B8%B0%EC%96%B4%EC%8A%A4%20%EC%98%A4%EB%B8%8C%20%EC%9B%8C)
62,5호 전차 판터,https://namu.wiki/w/5%ED%98%B8%20%EC%A0%84%EC%B0%A8%20%ED%8C%90%ED%84%B0
63,황성빈/통산 도루 일지,https://namu.wiki/w/%ED%99%A9%EC%84%B1%EB%B9%88/%ED%86%B5%EC%82%B0%20%EB%8F%84%EB%A3%A8%20%EC%9D%BC%EC%A7%80
64,하트 오브 비스트,https://namu.wiki/w/%ED%95%98%ED%8A%B8%20%EC%98%A4%EB%B8%8C%20%EB%B9%84%EC%8A%A4%ED%8A%B8
65,엔소 페르난데스,https://namu.wiki/w/%EC%97%94%EC%86%8C%20%ED%8E%98%EB%A5%B4%EB%82%9C%EB%8D%B0%EC%8A%A4
66,공인중개사,https://namu.wiki/w/%EA%B3%B5%EC%9D%B8%EC%A4%91%EA%B0%9C%EC%82%AC
67,파일:Choi-wan_2026_path-11.png,https://namu.wiki/w/%ED%8C%8C%EC%9D%BC:Choi-wan_2026_path-11.png
68,리오넬 메시/국가대표 경력/2026 FIFA 월드컵,https://namu.wiki/w/%EB%A6%AC%EC%98%A4%EB%84%AC%20%EB%A9%94%EC%8B%9C/%EA%B5%AD%EA%B0%80%EB%8C%80%ED%91%9C%20%EA%B2%BD%EB%A0%A5/2026%20FIFA%20%EC%9B%94%EB%93%9C%EC%BB%B5
69,이진수(1976),https://namu.wiki/w/%EC%9D%B4%EC%A7%84%EC%88%98(1976)
70,KBS 2FM,https://namu.wiki/w/KBS%202FM
71,라우타로 마르티네스,https://namu.wiki/w/%EB%9D%BC%EC%9A%B0%ED%83%80%EB%A1%9C%20%EB%A7%88%EB%A5%B4%ED%8B%B0%EB%84%A4%EC%8A%A4
72,니카라과 혁명,https://namu.wiki/w/%EB%8B%88%EC%B9%B4%EB%9D%BC%EA%B3%BC%20%ED%98%81%EB%AA%85
73,CHAFIK,https://namu.wiki/w/CHAFIK
74,에밀리아노 마르티네스,https://namu.wiki/w/%EC%97%90%EB%B0%80%EB%A6%AC%EC%95%84%EB%85%B8%20%EB%A7%88%EB%A5%B4%ED%8B%B0%EB%84%A4%EC%8A%A4
75,베이스 뮤직,https://namu.wiki/w/%EB%B2%A0%EC%9D%B4%EC%8A%A4%20%EB%AE%A4%EC%A7%81
76,버팔로 MPCV,https://namu.wiki/w/%EB%B2%84%ED%8C%94%EB%A1%9C%20MPCV
77,메르시,https://namu.wiki/w/%EB%A9%94%EB%A5%B4%EC%8B%9C
78,파일:오버워치 우양 신화 용의 협객.png,https://namu.wiki/w/%ED%8C%8C%EC%9D%BC:%EC%98%A4%EB%B2%84%EC%9B%8C%EC%B9%98%20%EC%9A%B0%EC%96%91%20%EC%8B%A0%ED%99%94%20%EC%9A%A9%EC%9D%98%20%ED%98%91%EA%B0%9D.png
79,잭슨 추리오,https://namu.wiki/w/%EC%9E%AD%EC%8A%A8%20%EC%B6%94%EB%A6%AC%EC%98%A4
80,알렉시스 맥 알리스터,https://namu.wiki/w/%EC%95%8C%EB%A0%89%EC%8B%9C%EC%8A%A4%20%EB%A7%A5%20%EC%95%8C%EB%A6%AC%EC%8A%A4%ED%84%B0
81,슈브르즈,https://namu.wiki/w/%EC%8A%88%EB%B8%8C%EB%A5%B4%EC%A6%88
82,존 스튜어트(DC 유니버스),https://namu.wiki/w/%EC%A1%B4%20%EC%8A%A4%ED%8A%9C%EC%96%B4%ED%8A%B8(DC%20%EC%9C%A0%EB%8B%88%EB%B2%84%EC%8A%A4)
83,FINE COLLECTION 〜Begin Again〜,https://namu.wiki/w/FINE%20COLLECTION%20%E3%80%9CBegin%20Again%E3%80%9C
84,2026 내셔널 리그 디비전 시리즈,https://namu.wiki/w/2026%20%EB%82%B4%EC%85%94%EB%84%90%20%EB%A6%AC%EA%B7%B8%20%EB%94%94%EB%B9%84%EC%A0%84%20%EC%8B%9C%EB%A6%AC%EC%A6%88
85,UK 베이스,https://namu.wiki/w/UK%20%EB%B2%A0%EC%9D%B4%EC%8A%A4
86,키테레츠 대백과,https://namu.wiki/w/%ED%82%A4%ED%85%8C%EB%A0%88%EC%B8%A0%20%EB%8C%80%EB%B0%B1%EA%B3%BC
87,틀:idntt,https://namu.wiki/w/%ED%8B%80:idntt
88,더 커뮤니티 2: 보이지 않는 손/진행 결과/4일차,https://namu.wiki/w/%EB%8D%94%20%EC%BB%A4%EB%AE%A4%EB%8B%88%ED%8B%B0%202:%20%EB%B3%B4%EC%9D%B4%EC%A7%80%20%EC%95%8A%EB%8A%94%20%EC%86%90/%EC%A7%84%ED%96%89%20%EA%B2%B0%EA%B3%BC/4%EC%9D%BC%EC%B0%A8
89,군주국의 공화주의,https://namu.wiki/w/%EA%B5%B0%EC%A3%BC%EA%B5%AD%EC%9D%98%20%EA%B3%B5%ED%99%94%EC%A3%BC%EC%9D%98
90,니콜라스 탈리아피코,https://namu.wiki/w/%EB%8B%88%EC%BD%9C%EB%9D%BC%EC%8A%A4%20%ED%83%88%EB%A6%AC%EC%95%84%ED%94%BC%EC%BD%94
91,니카라과/역사,https://namu.wiki/w/%EB%8B%88%EC%B9%B4%EB%9D%BC%EA%B3%BC/%EC%97%AD%EC%82%AC
92,굿모닝FM 테이입니다,https://namu.wiki/w/%EA%B5%BF%EB%AA%A8%EB%8B%9DFM%20%ED%85%8C%EC%9D%B4%EC%9E%85%EB%8B%88%EB%8B%A4
93,더미 플러그,https://namu.wiki/w/%EB%8D%94%EB%AF%B8%20%ED%94%8C%EB%9F%AC%EA%B7%B8
94,라면재유기,https://namu.wiki/w/%EB%9D%BC%EB%A9%B4%EC%9E%AC%EC%9C%A0%EA%B8%B0
95,명군이 되어보세!/등장인물/4부,https://namu.wiki/w/%EB%AA%85%EA%B5%B0%EC%9D%B4%20%EB%90%98%EC%96%B4%EB%B3%B4%EC%84%B8!/%EB%93%B1%EC%9E%A5%EC%9D%B8%EB%AC%BC/4%EB%B6%80
96,아구스틴 기아이,https://namu.wiki/w/%EC%95%84%EA%B5%AC%EC%8A%A4%ED%8B%B4%20%EA%B8%B0%EC%95%84%EC%9D%B4
97,메르시,https://namu.wiki/w/%EB%A9%94%EB%A5%B4%EC%8B%9C
98,노움(워크래프트 시리즈),https://namu.wiki/w/%EB%85%B8%EC%9B%80(%EC%9B%8C%ED%81%AC%EB%9E%98%ED%94%84%ED%8A%B8%20%EC%8B%9C%EB%A6%AC%EC%A6%88)
99,굿모닝! 티처,https://namu.wiki/w/%EA%B5%BF%EB%AA%A8%EB%8B%9D!%20%ED%8B%B0%EC%B2%98
